insert into app.roles (code, label, description)
values
  ('owner', 'Owner', 'Full workspace ownership.'),
  ('admin', 'Admin', 'Workspace and membership administration.'),
  ('lawyer', 'Lawyer', 'Legal production workflows.'),
  ('assistant', 'Assistant', 'Support operations inside the workspace.'),
  ('viewer', 'Viewer', 'Read-only workspace visibility.'),
  ('security_admin', 'Security admin', 'Security review and audit access.'),
  ('billing_admin', 'Billing admin', 'Billing and subscription administration.')
on conflict (code) do update
set
  label = excluded.label,
  description = excluded.description;

insert into app.permissions (code, label, description, scope, high_risk)
values
  ('workspace.read', 'Read workspace', 'Read workspace context and summaries.', 'workspace', false),
  ('workspace.update', 'Update workspace', 'Update workspace metadata and status.', 'workspace', true),
  ('workspace.switch', 'Switch workspace', 'Switch the active workspace inside the current session.', 'workspace', false),
  ('workspace.invite', 'Invite members', 'Create and revoke workspace invitations.', 'workspace', true),
  ('workspace.member.read', 'Read members', 'Read workspace members and invitation tables.', 'workspace', false),
  ('workspace.member.update_role', 'Update member role', 'Change member roles.', 'workspace', true),
  ('workspace.member.remove', 'Remove member', 'Remove members from the workspace.', 'workspace', true),
  ('workspace.security.read', 'Read security settings', 'Read security-facing workspace settings.', 'workspace', false),
  ('workspace.security.manage', 'Manage security settings', 'Manage high-risk security settings.', 'workspace', true),
  ('profile.read', 'Read profile', 'Read actor profile metadata.', 'profile', false),
  ('profile.update', 'Update profile', 'Update actor profile metadata.', 'profile', false),
  ('document.read', 'Read documents', 'Read workspace document records.', 'document', false),
  ('document.upload', 'Upload documents', 'Upload private document artifacts.', 'document', true),
  ('document.generate', 'Generate documents', 'Trigger document generation flows.', 'document', true),
  ('document.delete', 'Delete documents', 'Archive and soft-delete workspace documents.', 'document', true),
  ('document.restore', 'Restore documents', 'Restore archived and soft-deleted workspace documents.', 'document', true),
  ('document.template.manage', 'Manage document templates', 'Create and update workspace document templates.', 'document', true),
  ('automation.read', 'Read automations', 'Read automation templates and installed automations.', 'automation', false),
  ('automation.install', 'Install automations', 'Install automation templates.', 'automation', true),
  ('automation.edit', 'Edit automations', 'Edit automation drafts.', 'automation', true),
  ('automation.publish', 'Publish automations', 'Publish automation templates.', 'automation', true),
  ('automation.run', 'Run automations', 'Execute automation runs.', 'automation', true),
  ('activepieces.open_builder', 'Open builder', 'Open embedded Activepieces builder.', 'activepieces', true),
  ('activepieces.sync_flow', 'Sync flow', 'Sync product automation state into Activepieces.', 'activepieces', true),
  ('recommendation.read', 'Read recommendations', 'Read advisory recommendation candidates.', 'recommendation', false),
  ('recommendation.accept', 'Accept recommendations', 'Accept recommendation candidates.', 'recommendation', true),
  ('billing.read', 'Read billing', 'Read billing settings.', 'billing', false),
  ('billing.manage', 'Manage billing', 'Manage billing settings.', 'billing', true),
  ('audit.read', 'Read audit', 'Read audit events.', 'audit', true)
on conflict (code) do update
set
  label = excluded.label,
  description = excluded.description,
  scope = excluded.scope,
  high_risk = excluded.high_risk;

insert into app.role_permissions (role_code, permission_code)
values
  ('owner', 'workspace.read'),
  ('owner', 'workspace.update'),
  ('owner', 'workspace.switch'),
  ('owner', 'workspace.invite'),
  ('owner', 'workspace.member.read'),
  ('owner', 'workspace.member.update_role'),
  ('owner', 'workspace.member.remove'),
  ('owner', 'workspace.security.read'),
  ('owner', 'workspace.security.manage'),
  ('owner', 'profile.read'),
  ('owner', 'profile.update'),
  ('owner', 'document.read'),
  ('owner', 'document.upload'),
  ('owner', 'document.generate'),
  ('owner', 'document.delete'),
  ('owner', 'document.restore'),
  ('owner', 'document.template.manage'),
  ('owner', 'automation.read'),
  ('owner', 'automation.install'),
  ('owner', 'automation.edit'),
  ('owner', 'automation.publish'),
  ('owner', 'automation.run'),
  ('owner', 'activepieces.open_builder'),
  ('owner', 'activepieces.sync_flow'),
  ('owner', 'recommendation.read'),
  ('owner', 'recommendation.accept'),
  ('owner', 'billing.read'),
  ('owner', 'billing.manage'),
  ('owner', 'audit.read'),
  ('admin', 'workspace.read'),
  ('admin', 'workspace.update'),
  ('admin', 'workspace.switch'),
  ('admin', 'workspace.invite'),
  ('admin', 'workspace.member.read'),
  ('admin', 'workspace.member.update_role'),
  ('admin', 'workspace.member.remove'),
  ('admin', 'workspace.security.read'),
  ('admin', 'profile.read'),
  ('admin', 'profile.update'),
  ('admin', 'document.read'),
  ('admin', 'document.upload'),
  ('admin', 'document.generate'),
  ('admin', 'document.delete'),
  ('admin', 'document.restore'),
  ('admin', 'document.template.manage'),
  ('admin', 'automation.read'),
  ('admin', 'automation.install'),
  ('admin', 'automation.edit'),
  ('admin', 'automation.publish'),
  ('admin', 'automation.run'),
  ('admin', 'activepieces.open_builder'),
  ('admin', 'activepieces.sync_flow'),
  ('admin', 'recommendation.read'),
  ('admin', 'recommendation.accept'),
  ('admin', 'audit.read'),
  ('lawyer', 'workspace.read'),
  ('lawyer', 'workspace.switch'),
  ('lawyer', 'workspace.member.read'),
  ('lawyer', 'profile.read'),
  ('lawyer', 'profile.update'),
  ('lawyer', 'document.read'),
  ('lawyer', 'document.upload'),
  ('lawyer', 'document.generate'),
  ('lawyer', 'document.delete'),
  ('lawyer', 'document.restore'),
  ('lawyer', 'document.template.manage'),
  ('lawyer', 'automation.read'),
  ('lawyer', 'automation.install'),
  ('lawyer', 'automation.edit'),
  ('lawyer', 'automation.run'),
  ('lawyer', 'recommendation.read'),
  ('assistant', 'workspace.read'),
  ('assistant', 'workspace.switch'),
  ('assistant', 'workspace.member.read'),
  ('assistant', 'profile.read'),
  ('assistant', 'document.read'),
  ('assistant', 'document.upload'),
  ('assistant', 'automation.read'),
  ('assistant', 'automation.run'),
  ('viewer', 'workspace.read'),
  ('viewer', 'workspace.switch'),
  ('viewer', 'workspace.member.read'),
  ('viewer', 'profile.read'),
  ('viewer', 'document.read'),
  ('viewer', 'automation.read'),
  ('security_admin', 'workspace.read'),
  ('security_admin', 'workspace.switch'),
  ('security_admin', 'workspace.member.read'),
  ('security_admin', 'workspace.security.read'),
  ('security_admin', 'workspace.security.manage'),
  ('security_admin', 'audit.read'),
  ('billing_admin', 'workspace.read'),
  ('billing_admin', 'workspace.switch'),
  ('billing_admin', 'billing.read'),
  ('billing_admin', 'billing.manage')
on conflict (role_code, permission_code) do nothing;
